<?xml version="1.0" encoding="utf-8"?>
<DataModelInfo xmlns:xsd="http://www.w3.org/2001/XMLSchema" xmlns:xsi="http://www.w3.org/2001/XMLSchema-instance" xmlns="http://schemas.qualisystems.com/ResourceManagement/DataModelSchema.xsd">
  <Attributes>
    <AttributeInfo Name="Model" Type="String" DefaultValue="" IsReadOnly="true">
      <Rules>
        <Rule Name="Setting" />
        <Rule Name="Available For Abstract Resources" />
      </Rules>
    </AttributeInfo>
    <AttributeInfo Name="Serial Number" Type="String" DefaultValue="" IsReadOnly="true">
      <Rules>
        <Rule Name="Setting" />
        <Rule Name="Available For Abstract Resources" />
      </Rules>
    </AttributeInfo>
    <AttributeInfo Name="Version" Type="String" DefaultValue="" IsReadOnly="true">
      <Rules>
        <Rule Name="Setting" />
        <Rule Name="Available For Abstract Resources" />
      </Rules>
    </AttributeInfo>
    <AttributeInfo Name="Port Description" Type="String" DefaultValue="" IsReadOnly="true">
      <Rules>
        <Rule Name="Setting" />
        <Rule Name="Available For Abstract Resources" />
      </Rules>
    </AttributeInfo>
    <AttributeInfo Name="User" Type="String" DefaultValue="" IsReadOnly="false">
      <Rules>
        <Rule Name="Configuration" />
      </Rules>
    </AttributeInfo>
    <AttributeInfo Name="Password" Type="Password" DefaultValue="3M3u7nkDzxWb0aJ/IZYeWw==" IsReadOnly="false">
      <Rules>
        <Rule Name="Configuration" />
      </Rules>
    </AttributeInfo>
    <AttributeInfo Name="SNMP Port" Type="String" DefaultValue="161" IsReadOnly="false">
      <Rules>
        <Rule Name="Configuration" />
      </Rules>
    </AttributeInfo>
    <AttributeInfo Name="SNMP Read Community" Type="String" DefaultValue="" IsReadOnly="false">
      <Rules>
        <Rule Name="Configuration" />
      </Rules>
    </AttributeInfo>
    <AttributeInfo Name="SNMP V3 Password" Type="String" DefaultValue="" IsReadOnly="false">
      <Rules>
        <Rule Name="Configuration" />
      </Rules>
    </AttributeInfo>
    <AttributeInfo Name="SNMP V3 Private Key" Type="String" DefaultValue="" IsReadOnly="false">
      <Rules>
        <Rule Name="Configuration" />
      </Rules>
    </AttributeInfo>
    <AttributeInfo Name="SNMP V3 User" Type="String" DefaultValue="" IsReadOnly="false">
      <Rules>
        <Rule Name="Configuration" />
      </Rules>
    </AttributeInfo>
    <AttributeInfo Name="SNMP Version" Type="String" DefaultValue="" IsReadOnly="false">
      <Rules>
        <Rule Name="Configuration" />
      </Rules>
    </AttributeInfo>
    <AttributeInfo Name="SNMP Write Community" Type="String" DefaultValue="" IsReadOnly="false">
      <Rules>
        <Rule Name="Configuration" />
      </Rules>
    </AttributeInfo>
    <AttributeInfo Name="Firmware Version" Type="String" DefaultValue="" IsReadOnly="true">
      <Rules>
        <Rule Name="Configuration" />
        <Rule Name="Setting" />
      </Rules>
    </AttributeInfo>
    <AttributeInfo Name="Vendor" Type="String" DefaultValue="" IsReadOnly="true">
      <Rules>
        <Rule Name="Setting" />
        <Rule Name="Available For Abstract Resources" />
      </Rules>
    </AttributeInfo>
  </Attributes>
  <ResourceFamilies>
    <ResourceFamily Name="Power Socket" IsConnectable="true" IsLockedByDefault="true" Description="Sockets are devices that allow electrically operated equipment to be connected to the primary alternating current (AC) power supply." IsSearchable="true" ResourceType="Resource">
      <AttachedAttributes />
      <AttributeValues />
      <Models>
        <ResourceModel Name="Generic Power Socket" Description="" SupportsConcurrentCommands="false">
          <AttachedAttributes />
          <AttributeValues />
          <ParentModels>
            <ParentModelName>Raritan PDU</ParentModelName>
          </ParentModels>
          <Drivers />
          <Scripts />
        </ResourceModel>
      </Models>
      <Categories />
    </ResourceFamily>
    <ResourceFamily Name="Power Port" IsConnectable="true" IsLockedByDefault="true" Description="" IsSearchable="true" ResourceType="Resource">
      <AttachedAttributes>
        <AttachedAttribute Name="Model" IsOverridable="true" IsLocal="true">
          <AllowedValues />
        </AttachedAttribute>
        <AttachedAttribute Name="Serial Number" IsOverridable="true" IsLocal="true">
          <AllowedValues />
        </AttachedAttribute>
        <AttachedAttribute Name="Version" IsOverridable="true" IsLocal="true">
          <AllowedValues />
        </AttachedAttribute>
        <AttachedAttribute Name="Port Description" IsOverridable="true" IsLocal="true">
          <AllowedValues />
        </AttachedAttribute>
      </AttachedAttributes>
      <AttributeValues>
        <AttributeValue Name="Model" Value="" />
        <AttributeValue Name="Serial Number" Value="" />
        <AttributeValue Name="Version" Value="" />
        <AttributeValue Name="Port Description" Value="" />
      </AttributeValues>
      <Models>
        <ResourceModel Name="Generic Power Port" Description="" SupportsConcurrentCommands="false">
          <AttachedAttributes />
          <AttributeValues>
            <AttributeValue Name="Model" Value="" />
            <AttributeValue Name="Serial Number" Value="" />
            <AttributeValue Name="Version" Value="" />
            <AttributeValue Name="Port Description" Value="" />
          </AttributeValues>
          <ParentModels>
            <ParentModelName>Generic Power Managed Resource</ParentModelName>
          </ParentModels>
          <Drivers />
          <Scripts />
        </ResourceModel>
      </Models>
      <Categories />
    </ResourceFamily>
    <ResourceFamily Name="PDU" Description="A power distribution unit (PDU) or mains distribution unit (MDU) is a device fitted with multiple outputs designed to distribute electric power, especially to racks of computers and networking equipment located within a data center." IsPowerSwitch="true" IsSearchable="true" ResourceType="Resource">
      <AttachedAttributes>
        <AttachedAttribute Name="User" IsOverridable="true" IsLocal="true">
          <AllowedValues />
        </AttachedAttribute>
        <AttachedAttribute Name="Password" IsOverridable="true" IsLocal="true">
          <AllowedValues />
        </AttachedAttribute>
        <AttachedAttribute Name="SNMP Port" IsOverridable="true" IsLocal="true">
          <AllowedValues />
        </AttachedAttribute>
        <AttachedAttribute Name="SNMP Read Community" IsOverridable="true" IsLocal="true">
          <AllowedValues />
        </AttachedAttribute>
        <AttachedAttribute Name="SNMP V3 Password" IsOverridable="true" IsLocal="true">
          <AllowedValues />
        </AttachedAttribute>
        <AttachedAttribute Name="SNMP V3 Private Key" IsOverridable="true" IsLocal="true">
          <AllowedValues />
        </AttachedAttribute>
        <AttachedAttribute Name="SNMP V3 User" IsOverridable="true" IsLocal="true">
          <AllowedValues />
        </AttachedAttribute>
        <AttachedAttribute Name="SNMP Version" IsOverridable="true" IsLocal="true">
          <AllowedValues />
        </AttachedAttribute>
        <AttachedAttribute Name="SNMP Write Community" IsOverridable="true" IsLocal="true">
          <AllowedValues />
        </AttachedAttribute>
        <AttachedAttribute Name="Firmware Version" IsOverridable="true" IsLocal="true">
          <AllowedValues />
        </AttachedAttribute>
        <AttachedAttribute Name="Model" IsOverridable="true" IsLocal="true">
          <AllowedValues />
        </AttachedAttribute>
        <AttachedAttribute Name="Vendor" IsOverridable="true" IsLocal="true">
          <AllowedValues />
        </AttachedAttribute>
      </AttachedAttributes>
      <AttributeValues>
        <AttributeValue Name="User" Value="" />
        <AttributeValue Name="Password" Value="3M3u7nkDzxWb0aJ/IZYeWw==" />
        <AttributeValue Name="SNMP Port" Value="161" />
        <AttributeValue Name="SNMP Read Community" Value="" />
        <AttributeValue Name="SNMP V3 Password" Value="" />
        <AttributeValue Name="SNMP V3 Private Key" Value="" />
        <AttributeValue Name="SNMP V3 User" Value="" />
        <AttributeValue Name="SNMP Version" Value="" />
        <AttributeValue Name="SNMP Write Community" Value="" />
        <AttributeValue Name="Firmware Version" Value="" />
        <AttributeValue Name="Model" Value="" />
        <AttributeValue Name="Vendor" Value="" />
      </AttributeValues>
      <Models>
        <ResourceModel Name="Raritan PDU" Description="" SupportsConcurrentCommands="false">
          <AttachedAttributes>
            <AttachedAttribute Name="Password" IsOverridable="true" IsLocal="true">
              <AllowedValues />
            </AttachedAttribute>
            <AttachedAttribute Name="User" IsOverridable="true" IsLocal="true">
              <AllowedValues />
            </AttachedAttribute>
            <AttachedAttribute Name="SNMP Read Community" IsOverridable="true" IsLocal="true">
              <AllowedValues />
            </AttachedAttribute>
          </AttachedAttributes>
          <AttributeValues>
            <AttributeValue Name="Password" Value="AY/mFGg7SGa5NSjbcv3sDw==" />
            <AttributeValue Name="User" Value="admin" />
            <AttributeValue Name="SNMP Read Community" Value="public" />
            <AttributeValue Name="SNMP Port" Value="161" />
            <AttributeValue Name="SNMP V3 Password" Value="" />
            <AttributeValue Name="SNMP V3 Private Key" Value="" />
            <AttributeValue Name="SNMP V3 User" Value="" />
            <AttributeValue Name="SNMP Version" Value="" />
            <AttributeValue Name="SNMP Write Community" Value="" />
            <AttributeValue Name="Firmware Version" Value="" />
            <AttributeValue Name="Model" Value="" />
            <AttributeValue Name="Vendor" Value="" />
          </AttributeValues>
          <ParentModels />
          <Drivers>
            <DriverName>Raritan PDU Driver</DriverName>
          </Drivers>
          <Scripts />
        </ResourceModel>
      </Models>
      <Categories />
    </ResourceFamily>
    <ResourceFamily Name="Power Managed Resource" Description="Device whose power supply is managed by an external source (such as a PDU.)" IsSearchable="true" ResourceType="Resource">
      <AttachedAttributes />
      <AttributeValues />
      <Models>
        <ResourceModel Name="Generic Power Managed Resource" Description="" SupportsConcurrentCommands="false">
          <AttachedAttributes />
          <AttributeValues />
          <ParentModels />
          <Drivers />
          <Scripts />
        </ResourceModel>
      </Models>
      <Categories />
    </ResourceFamily>
  </ResourceFamilies>
  <DriverDescriptors>
    <DriverDescriptor Name="Raritan PDU Driver" Description="Manages Raritan PDUs" DriverType="PythonDriver" />
  </DriverDescriptors>
  <ScriptDescriptors />
</DataModelInfo>